<application>
  <component name="BackendCodeEditorApplicationSettings">
    <option name="/Default/PatternsAndTemplates/LiveTemplates/Template/=26AEB2AC3D6873478D13DB545CEB30E6/Text/@EntryValue" value="for (size_t $INDEX$ = 0; $INDEX$ &lt; $MAX$; $INDEX$++) {&#10;  $SELECTION$$END$&#10;}" type="string" />
    <option name="/Default/PatternsAndTemplates/LiveTemplates/Template/=71FFF6C9F156584480DA043196669EF5/Applicability/=Live/@EntryIndexedValue" value="true" type="bool" />
    <option name="/Default/PatternsAndTemplates/LiveTemplates/Template/=71FFF6C9F156584480DA043196669EF5/Description/@EntryValue" value="comment" type="string" />
    <option name="/Default/PatternsAndTemplates/LiveTemplates/Template/=71FFF6C9F156584480DA043196669EF5/Field/=S/Order/@EntryValue" value="0" type="long" />
    <option name="/Default/PatternsAndTemplates/LiveTemplates/Template/=71FFF6C9F156584480DA043196669EF5/Field/=SE/Order/@EntryValue" value="0" type="long" />
    <option name="/Default/PatternsAndTemplates/LiveTemplates/Template/=71FFF6C9F156584480DA043196669EF5/Reformat/@EntryValue" value="true" type="bool" />
    <option name="/Default/PatternsAndTemplates/LiveTemplates/Template/=71FFF6C9F156584480DA043196669EF5/Scope/=F6696F8185506F41B9C4252540BE9C18/@KeyIndexDefined" value="true" type="bool" />
    <option name="/Default/PatternsAndTemplates/LiveTemplates/Template/=71FFF6C9F156584480DA043196669EF5/Scope/=F6696F8185506F41B9C4252540BE9C18/Type/@EntryValue" value="InCppFile" type="string" />
    <option name="/Default/PatternsAndTemplates/LiveTemplates/Template/=71FFF6C9F156584480DA043196669EF5/Shortcut/@EntryValue" value="、、" type="string" />
    <option name="/Default/PatternsAndTemplates/LiveTemplates/Template/=71FFF6C9F156584480DA043196669EF5/ShortenQualifiedReferences/@EntryValue" value="true" type="bool" />
    <option name="/Default/PatternsAndTemplates/LiveTemplates/Template/=71FFF6C9F156584480DA043196669EF5/Text/@EntryValue" value="//" type="string" />
  </component>
  <component name="CodeInsightSettings">
    <option name="completionCaseSensitive" value="2" />
    <option name="AUTO_POPUP_JAVADOC_INFO" value="true" />
    <option name="JAVADOC_INFO_DELAY" value="200" />
    <option name="COMPLETION_CASE_SENSITIVE" value="2" />
  </component>
  <component name="InlineCompletionOnboarding">
    <option name="onboardingFinished" value="true" />
  </component>
  <component name="TodoConfiguration">
    <pattern pattern="\bNotImplementedException\b" />
    <pattern case-sensitive="true" pattern="(?&lt;=\W|^)(?&lt;TAG&gt;BUG:)(\W|$)(.*)" />
    <pattern pattern="(?&lt;=\W|^)(?&lt;TAG&gt;TODO)(\W|$)(.*)" />
  </component>
</application>