<application>
  <component name="ProjectJdkTable">
    <jdk version="2">
      <name value="Python 3.13" />
      <type value="Python SDK" />
      <version value="Python 3.13.1" />
      <homePath value="$USER_HOME$/AppData/Local/Programs/Python/Python313/python.exe" />
      <roots>
        <classPath>
          <root type="composite">
            <root url="file://$USER_HOME$/AppData/Local/Programs/Python/Python313/DLLs" type="simple" />
            <root url="file://$USER_HOME$/AppData/Local/Programs/Python/Python313/Lib" type="simple" />
            <root url="file://$USER_HOME$/AppData/Local/Programs/Python/Python313" type="simple" />
            <root url="file://$USER_HOME$/AppData/Local/Programs/Python/Python313/Lib/site-packages" type="simple" />
            <root url="file://$USER_HOME$/AppData/Local/JetBrains/CLion2025.1/python_stubs/1238402318" type="simple" />
            <root url="file:///snap/clion/359/plugins/python-ce/helpers/python-skeletons" type="simple" />
            <root url="file:///snap/clion/359/plugins/python-ce/helpers/typeshed/stdlib" type="simple" />
            <root url="file:///snap/clion/359/plugins/python-ce/helpers/typeshed/stubs/pytz" type="simple" />
            <root url="file:///snap/clion/359/plugins/python-ce/helpers/typeshed/stubs/psutil" type="simple" />
            <root url="file:///snap/clion/359/plugins/python-ce/helpers/typeshed/stubs/colorama" type="simple" />
            <root url="file:///snap/clion/359/plugins/python-ce/helpers/typeshed/stubs/greenlet" type="simple" />
            <root url="file:///snap/clion/359/plugins/python-ce/helpers/typeshed/stubs/requests" type="simple" />
            <root url="file:///snap/clion/359/plugins/python-ce/helpers/typeshed/stubs/SQLAlchemy" type="simple" />
          </root>
        </classPath>
        <sourcePath>
          <root type="composite" />
        </sourcePath>
      </roots>
      <additional SDK_UUID="01ee6450-b8be-4d58-b76d-3770068f09dd">
        <setting name="FLAVOR_ID" value="WinPythonSdkFlavor" />
        <setting name="FLAVOR_DATA" value="{}" />
      </additional>
    </jdk>
  </component>
</application>