<application>
  <component name="DimensionService">
    <location key="REMOTE_DEVELOPMENT_CONNECTION.0.0.3120.2080@192dpi" x="836" y="282" />
    <location key="find.popup.0.0.1920.1080" x="721" y="65" />
    <location key="find.popup.0.0.3840.2160@168dpi" x="1507" y="224" />
    <location key="find.popup.0.0.3840.2160@192dpi" x="908" y="436" />
    <size key="GridCell.Tab.0.left.0.0.3120.2080@192dpi" width="2958" height="492" />
    <size key="GridCell.Tab.0.center.0.0.3120.2080@192dpi" width="2958" height="492" />
    <size key="GridCell.Tab.0.right.0.0.3120.2080@192dpi" width="2958" height="492" />
    <size key="GridCell.Tab.0.bottom.0.0.3120.2080@192dpi" width="2958" height="492" />
    <size key="GridCell.Tab.1.left.0.0.3120.2080@192dpi" width="2958" height="562" />
    <size key="GridCell.Tab.1.center.0.0.3120.2080@192dpi" width="2958" height="562" />
    <size key="GridCell.Tab.1.right.0.0.3120.2080@192dpi" width="2958" height="562" />
    <size key="GridCell.Tab.1.bottom.0.0.3120.2080@192dpi" width="2958" height="562" />
    <size key="GridCell.Tab.2.left.0.0.3120.2080@192dpi" width="2958" height="562" />
    <size key="GridCell.Tab.2.center.0.0.3120.2080@192dpi" width="2958" height="562" />
    <size key="GridCell.Tab.2.right.0.0.3120.2080@192dpi" width="2958" height="562" />
    <size key="GridCell.Tab.2.bottom.0.0.3120.2080@192dpi" width="2958" height="562" />
    <size key="GridCell.Tab.3.left.0.0.3120.2080@192dpi" width="2958" height="562" />
    <size key="GridCell.Tab.3.center.0.0.3120.2080@192dpi" width="2958" height="562" />
    <size key="GridCell.Tab.3.right.0.0.3120.2080@192dpi" width="2958" height="562" />
    <size key="GridCell.Tab.3.bottom.0.0.3120.2080@192dpi" width="2958" height="562" />
    <size key="REMOTE_DEVELOPMENT_CONNECTION.0.0.3120.2080@192dpi" width="1624" height="1394" />
    <size key="GridCell.Tab.0.left.0.0.1920.1080" width="1838" height="275" />
    <size key="GridCell.Tab.0.center.0.0.1920.1080" width="1838" height="275" />
    <size key="GridCell.Tab.0.right.0.0.1920.1080" width="1838" height="275" />
    <size key="GridCell.Tab.0.bottom.0.0.1920.1080" width="1838" height="275" />
    <size key="find.popup.0.0.1920.1080" width="639" height="576" />
    <size key="GridCell.Tab.1.left.0.0.1920.1080" width="1838" height="275" />
    <size key="GridCell.Tab.1.center.0.0.1920.1080" width="1838" height="275" />
    <size key="GridCell.Tab.1.right.0.0.1920.1080" width="1838" height="275" />
    <size key="GridCell.Tab.1.bottom.0.0.1920.1080" width="1838" height="275" />
    <size key="GridCell.Tab.2.left.0.0.1920.1080" width="1838" height="275" />
    <size key="GridCell.Tab.2.center.0.0.1920.1080" width="1838" height="275" />
    <size key="GridCell.Tab.2.right.0.0.1920.1080" width="1838" height="275" />
    <size key="GridCell.Tab.2.bottom.0.0.1920.1080" width="1838" height="275" />
    <size key="GridCell.Tab.3.left.0.0.1920.1080" width="1838" height="275" />
    <size key="GridCell.Tab.3.center.0.0.1920.1080" width="1838" height="275" />
    <size key="GridCell.Tab.3.right.0.0.1920.1080" width="1838" height="275" />
    <size key="GridCell.Tab.3.bottom.0.0.1920.1080" width="1838" height="275" />
    <size key="GridCell.Tab.0.left.0.0.3840.2160@168dpi" width="3700" height="406" />
    <size key="GridCell.Tab.0.center.0.0.3840.2160@168dpi" width="3700" height="406" />
    <size key="GridCell.Tab.0.right.0.0.3840.2160@168dpi" width="3700" height="406" />
    <size key="GridCell.Tab.0.bottom.0.0.3840.2160@168dpi" width="3700" height="406" />
    <size key="find.popup.0.0.3840.2160@168dpi" width="1117" height="1008" />
    <size key="GridCell.Tab.1.left.0.0.3840.2160@168dpi" width="3700" height="-21" />
    <size key="GridCell.Tab.1.center.0.0.3840.2160@168dpi" width="3700" height="-21" />
    <size key="GridCell.Tab.1.right.0.0.3840.2160@168dpi" width="3700" height="-21" />
    <size key="GridCell.Tab.1.bottom.0.0.3840.2160@168dpi" width="3700" height="-21" />
    <size key="GridCell.Tab.2.left.0.0.3840.2160@168dpi" width="3700" height="-21" />
    <size key="GridCell.Tab.2.center.0.0.3840.2160@168dpi" width="3700" height="-21" />
    <size key="GridCell.Tab.2.right.0.0.3840.2160@168dpi" width="3700" height="-21" />
    <size key="GridCell.Tab.2.bottom.0.0.3840.2160@168dpi" width="3700" height="-21" />
    <size key="GridCell.Tab.3.left.0.0.3840.2160@168dpi" width="3700" height="-21" />
    <size key="GridCell.Tab.3.center.0.0.3840.2160@168dpi" width="3700" height="-21" />
    <size key="GridCell.Tab.3.right.0.0.3840.2160@168dpi" width="3700" height="-21" />
    <size key="GridCell.Tab.3.bottom.0.0.3840.2160@168dpi" width="3700" height="-21" />
    <size key="GridCell.Tab.0.left.0.0.3840.2160@192dpi" width="3678" height="652" />
    <size key="GridCell.Tab.0.center.0.0.3840.2160@192dpi" width="3678" height="652" />
    <size key="GridCell.Tab.0.right.0.0.3840.2160@192dpi" width="3678" height="652" />
    <size key="GridCell.Tab.0.bottom.0.0.3840.2160@192dpi" width="3678" height="652" />
    <size key="find.popup.0.0.3840.2160@192dpi" width="1328" height="1300" />
    <size key="GridCell.Tab.1.left.0.0.3840.2160@192dpi" width="3676" height="680" />
    <size key="GridCell.Tab.1.center.0.0.3840.2160@192dpi" width="3676" height="680" />
    <size key="GridCell.Tab.1.right.0.0.3840.2160@192dpi" width="3676" height="680" />
    <size key="GridCell.Tab.1.bottom.0.0.3840.2160@192dpi" width="3676" height="680" />
    <size key="GridCell.Tab.2.left.0.0.3840.2160@192dpi" width="3676" height="680" />
    <size key="GridCell.Tab.2.center.0.0.3840.2160@192dpi" width="3676" height="680" />
    <size key="GridCell.Tab.2.right.0.0.3840.2160@192dpi" width="3676" height="680" />
    <size key="GridCell.Tab.2.bottom.0.0.3840.2160@192dpi" width="3676" height="680" />
    <size key="GridCell.Tab.3.left.0.0.3840.2160@192dpi" width="3676" height="680" />
    <size key="GridCell.Tab.3.center.0.0.3840.2160@192dpi" width="3676" height="680" />
    <size key="GridCell.Tab.3.right.0.0.3840.2160@192dpi" width="3676" height="680" />
    <size key="GridCell.Tab.3.bottom.0.0.3840.2160@192dpi" width="3676" height="680" />
  </component>
  <component name="WindowManager">
    <frame x="0" y="0" width="1920" height="1036" extendedState="6" />
  </component>
  <component name="WindowStateApplicationService">
    <state x="627" y="240" width="491" height="482" key="FileChooserDialogImpl" timestamp="1753362835261">
      <screen x="0" y="0" width="1920" height="1040" />
    </state>
    <state x="627" y="240" width="491" height="482" key="FileChooserDialogImpl/0.0.1920.1040" timestamp="1753362835261" />
    <state width="396" height="159" key="ShowUsagesActions.dimensionServiceKey" timestamp="1758033745635">
      <screen x="0" y="0" width="1920" height="1040" />
    </state>
    <state width="396" height="159" key="ShowUsagesActions.dimensionServiceKey/0.0.1920.1040" timestamp="1758033745635" />
    <state x="959" y="458" width="985" height="680" key="WELCOME_SCREEN" timestamp="1759300450763">
      <screen x="0" y="0" width="1920" height="1036" />
    </state>
    <state x="959" y="458" width="985" height="680" key="WELCOME_SCREEN/0.0.1920.1036" timestamp="1759300450763" />
    <state x="959" y="460" width="985" height="682" key="WELCOME_SCREEN/0.0.1920.1040" timestamp="1757595060907" />
  </component>
</application>