<keymap version="1" name="KDE Proper Redo" parent="Default for KDE">
  <action id="$Redo">
    <keyboard-shortcut first-keystroke="shift ctrl z" />
    <keyboard-shortcut first-keystroke="shift alt back_space" />
    <keyboard-shortcut first-keystroke="ctrl y" />
  </action>
  <action id="Debug">
    <keyboard-shortcut first-keystroke="f12" />
  </action>
  <action id="EditorDeleteLine" />
  <action id="JumpToLastWindow" />
  <action id="Run">
    <keyboard-shortcut first-keystroke="f11" />
  </action>
  <action id="ToggleBookmark" />
</keymap>