<keymap version="1" name="Windows copy Proper Redo" parent="$default">
  <action id="$Redo">
    <keyboard-shortcut first-keystroke="shift ctrl z" />
    <keyboard-shortcut first-keystroke="shift alt back_space" />
    <keyboard-shortcut first-keystroke="ctrl y" />
  </action>
  <action id="CMake.ReloadCMakeProject">
    <keyboard-shortcut first-keystroke="ctrl windows" />
  </action>
  <action id="EditorDeleteLine" />
  <action id="MarkObjectAction.Frontend" />
  <action id="Run">
    <keyboard-shortcut first-keystroke="f11" />
  </action>
  <action id="Synchronize" />
  <action id="ToggleBookmark" />
</keymap>